--일반 음식점 기본 상품 설정 : 4가지 분류로 상품 등록. 각 상품은 서비스 상품-부가세 대상-원격프린터 출력을 옵션으로 설정
--분류 추가
INSERT INTO categories (ID, NAME, PARENTID, IMAGE, TEXTTIP, CATSHOWNAME) VALUES ('1000', '김밥류', NULL, NULL, '', 1);
INSERT INTO categories (ID, NAME, PARENTID, IMAGE, TEXTTIP, CATSHOWNAME) VALUES ('2000', '분식류', NULL, NULL, '', 1);
INSERT INTO categories (ID, NAME, PARENTID, IMAGE, TEXTTIP, CATSHOWNAME) VALUES ('3000', '식사류', NULL, NULL, '', 1);
INSERT INTO categories (ID, NAME, PARENTID, IMAGE, TEXTTIP, CATSHOWNAME) VALUES ('4000', '부가메뉴', NULL, NULL, '', 1);

INSERT INTO products (ID, REFERENCE, CODE, CODETYPE, NAME, PRICEBUY, PRICESELL, CATEGORY, TAXCAT, ATTRIBUTESET_ID, STOCKCOST, STOCKVOLUME, IMAGE, ISCOM, ISSCALE, ISKITCHEN, PRINTKB, SENDSTATUS, ISSERVICE, ATTRIBUTES, DISPLAY, ISVPRICE, ISVERPATRIB, TEXTTIP, WARRANTY) VALUES ('1001', '1001', '1001', NULL, '모듬김밥', 1500, 2272.7272727272725, '1000', '001', NULL, NULL, NULL, NULL, 0,0,1,0,0,1, NULL, '<html><h3>모듬김밥</h3>', 0, 0, '', 0);
INSERT INTO products (ID, REFERENCE, CODE, CODETYPE, NAME, PRICEBUY, PRICESELL, CATEGORY, TAXCAT, ATTRIBUTESET_ID, STOCKCOST, STOCKVOLUME, IMAGE, ISCOM, ISSCALE, ISKITCHEN, PRINTKB, SENDSTATUS, ISSERVICE, ATTRIBUTES, DISPLAY, ISVPRICE, ISVERPATRIB, TEXTTIP, WARRANTY) VALUES ('1002', '1002', '1002', NULL, '소고기김밥', 2000, 2727.272727272727, '1000', '001', NULL, NULL, NULL, NULL, 0,0,1,0,0,1, NULL, '<html><h3>소고기김밥</h3>', 0, 0, '', 0);
INSERT INTO products (ID, REFERENCE, CODE, CODETYPE, NAME, PRICEBUY, PRICESELL, CATEGORY, TAXCAT, ATTRIBUTESET_ID, STOCKCOST, STOCKVOLUME, IMAGE, ISCOM, ISSCALE, ISKITCHEN, PRINTKB, SENDSTATUS, ISSERVICE, ATTRIBUTES, DISPLAY, ISVPRICE, ISVERPATRIB, TEXTTIP, WARRANTY) VALUES ('1003', '1003', '1003', NULL, '참치김밥', 2000, 2727.272727272727, '1000', '001', NULL, NULL, NULL, NULL, 0,0,1,0,0,1, NULL, '<html><h3>참치김밥</h3>', 0, 0, '', 0);
INSERT INTO products (ID, REFERENCE, CODE, CODETYPE, NAME, PRICEBUY, PRICESELL, CATEGORY, TAXCAT, ATTRIBUTESET_ID, STOCKCOST, STOCKVOLUME, IMAGE, ISCOM, ISSCALE, ISKITCHEN, PRINTKB, SENDSTATUS, ISSERVICE, ATTRIBUTES, DISPLAY, ISVPRICE, ISVERPATRIB, TEXTTIP, WARRANTY) VALUES ('1004', '1004', '1004', NULL, '치즈김밥', 2000, 2727.272727272727, '1000', '001', NULL, NULL, NULL, NULL, 0,0,1,0,0,1, NULL, '<html><h3>치즈김밥</h3>', 0, 0, '', 0);
INSERT INTO products (ID, REFERENCE, CODE, CODETYPE, NAME, PRICEBUY, PRICESELL, CATEGORY, TAXCAT, ATTRIBUTESET_ID, STOCKCOST, STOCKVOLUME, IMAGE, ISCOM, ISSCALE, ISKITCHEN, PRINTKB, SENDSTATUS, ISSERVICE, ATTRIBUTES, DISPLAY, ISVPRICE, ISVERPATRIB, TEXTTIP, WARRANTY) VALUES ('2001', '2001', '2001', NULL, '칼국수', 3500, 4545.454545454545, '2000', '001', NULL, NULL, NULL, NULL, 0,0,1,0,0,1, NULL, '<html><h3>칼국수</h3>', 0, 0, '', 0);
INSERT INTO products (ID, REFERENCE, CODE, CODETYPE, NAME, PRICEBUY, PRICESELL, CATEGORY, TAXCAT, ATTRIBUTESET_ID, STOCKCOST, STOCKVOLUME, IMAGE, ISCOM, ISSCALE, ISKITCHEN, PRINTKB, SENDSTATUS, ISSERVICE, ATTRIBUTES, DISPLAY, ISVPRICE, ISVERPATRIB, TEXTTIP, WARRANTY) VALUES ('2002', '2002', '2002', NULL, '떡볶이', 3500, 4545.454545454545, '2000', '001', NULL, NULL, NULL, NULL, 0,0,1,0,0,1, NULL, '<html><h3>떡볶이</h3>', 0, 0, '', 0);
INSERT INTO products (ID, REFERENCE, CODE, CODETYPE, NAME, PRICEBUY, PRICESELL, CATEGORY, TAXCAT, ATTRIBUTESET_ID, STOCKCOST, STOCKVOLUME, IMAGE, ISCOM, ISSCALE, ISKITCHEN, PRINTKB, SENDSTATUS, ISSERVICE, ATTRIBUTES, DISPLAY, ISVPRICE, ISVERPATRIB, TEXTTIP, WARRANTY) VALUES ('2003', '2003', '2003', NULL, '라면', 3500, 4545.454545454545, '2000', '001', NULL, NULL, NULL, NULL, 0,0,1,0,0,1, NULL, '<html><h3>라면</h3>', 0, 0, '', 0);
INSERT INTO products (ID, REFERENCE, CODE, CODETYPE, NAME, PRICEBUY, PRICESELL, CATEGORY, TAXCAT, ATTRIBUTESET_ID, STOCKCOST, STOCKVOLUME, IMAGE, ISCOM, ISSCALE, ISKITCHEN, PRINTKB, SENDSTATUS, ISSERVICE, ATTRIBUTES, DISPLAY, ISVPRICE, ISVERPATRIB, TEXTTIP, WARRANTY) VALUES ('2004', '2004', '2004', NULL, '라볶이', 3500, 4545.454545454545, '2000', '001', NULL, NULL, NULL, NULL, 0,0,1,0,0,1, NULL, '<html><h3>라볶이</h3>', 0, 0, '', 0);
INSERT INTO products (ID, REFERENCE, CODE, CODETYPE, NAME, PRICEBUY, PRICESELL, CATEGORY, TAXCAT, ATTRIBUTESET_ID, STOCKCOST, STOCKVOLUME, IMAGE, ISCOM, ISSCALE, ISKITCHEN, PRINTKB, SENDSTATUS, ISSERVICE, ATTRIBUTES, DISPLAY, ISVPRICE, ISVERPATRIB, TEXTTIP, WARRANTY) VALUES ('2005', '2005', '2005', NULL, '떡국', 3500, 4545.454545454545, '2000', '001', NULL, NULL, NULL, NULL, 0,0,1,0,0,1, NULL, '<html><h3>떡국</h3>', 0, 0, '', 0);
INSERT INTO products (ID, REFERENCE, CODE, CODETYPE, NAME, PRICEBUY, PRICESELL, CATEGORY, TAXCAT, ATTRIBUTESET_ID, STOCKCOST, STOCKVOLUME, IMAGE, ISCOM, ISSCALE, ISKITCHEN, PRINTKB, SENDSTATUS, ISSERVICE, ATTRIBUTES, DISPLAY, ISVPRICE, ISVERPATRIB, TEXTTIP, WARRANTY) VALUES ('2006', '2006', '2006', NULL, '떡만두국', 3500, 4545.454545454545, '2000', '001', NULL, NULL, NULL, NULL, 0,0,1,0,0,1, NULL, '<html><h3>떡만두국</h3>', 0, 0, '', 0);
INSERT INTO products (ID, REFERENCE, CODE, CODETYPE, NAME, PRICEBUY, PRICESELL, CATEGORY, TAXCAT, ATTRIBUTESET_ID, STOCKCOST, STOCKVOLUME, IMAGE, ISCOM, ISSCALE, ISKITCHEN, PRINTKB, SENDSTATUS, ISSERVICE, ATTRIBUTES, DISPLAY, ISVPRICE, ISVERPATRIB, TEXTTIP, WARRANTY) VALUES ('2007', '2007', '2007', NULL, '만두국', 3500, 4545.454545454545, '2000', '001', NULL, NULL, NULL, NULL, 0,0,1,0,0,1, NULL, '<html><h3>만두국</h3>', 0, 0, '', 0);
INSERT INTO products (ID, REFERENCE, CODE, CODETYPE, NAME, PRICEBUY, PRICESELL, CATEGORY, TAXCAT, ATTRIBUTESET_ID, STOCKCOST, STOCKVOLUME, IMAGE, ISCOM, ISSCALE, ISKITCHEN, PRINTKB, SENDSTATUS, ISSERVICE, ATTRIBUTES, DISPLAY, ISVPRICE, ISVERPATRIB, TEXTTIP, WARRANTY) VALUES ('2008', '2008', '2008', NULL, '찐만두', 3500, 4545.454545454545, '2000', '001', NULL, NULL, NULL, NULL, 0,0,1,0,0,1, NULL, '<html><h3>찐만두</h3>', 0, 0, '', 0);
INSERT INTO products (ID, REFERENCE, CODE, CODETYPE, NAME, PRICEBUY, PRICESELL, CATEGORY, TAXCAT, ATTRIBUTESET_ID, STOCKCOST, STOCKVOLUME, IMAGE, ISCOM, ISSCALE, ISKITCHEN, PRINTKB, SENDSTATUS, ISSERVICE, ATTRIBUTES, DISPLAY, ISVPRICE, ISVERPATRIB, TEXTTIP, WARRANTY) VALUES ('3001', '3001', '3001', NULL, '돈까스', 4500, 5454.545454545454, '3000', '001', NULL, NULL, NULL, NULL, 0,0,1,0,0,1, NULL, '<html><h3>돈까스</h3>', 0, 0, '', 0);
INSERT INTO products (ID, REFERENCE, CODE, CODETYPE, NAME, PRICEBUY, PRICESELL, CATEGORY, TAXCAT, ATTRIBUTESET_ID, STOCKCOST, STOCKVOLUME, IMAGE, ISCOM, ISSCALE, ISKITCHEN, PRINTKB, SENDSTATUS, ISSERVICE, ATTRIBUTES, DISPLAY, ISVPRICE, ISVERPATRIB, TEXTTIP, WARRANTY) VALUES ('3002', '3002', '3002', NULL, '김치찌개', 4500, 5454.545454545454, '3000', '001', NULL, NULL, NULL, NULL, 0,0,1,0,0,1, NULL, '<html><h3>김치찌개</h3>', 0, 0, '', 0);
INSERT INTO products (ID, REFERENCE, CODE, CODETYPE, NAME, PRICEBUY, PRICESELL, CATEGORY, TAXCAT, ATTRIBUTESET_ID, STOCKCOST, STOCKVOLUME, IMAGE, ISCOM, ISSCALE, ISKITCHEN, PRINTKB, SENDSTATUS, ISSERVICE, ATTRIBUTES, DISPLAY, ISVPRICE, ISVERPATRIB, TEXTTIP, WARRANTY) VALUES ('3003', '3003', '3003', NULL, '불고기덮밥', 4500, 5454.545454545454, '3000', '001', NULL, NULL, NULL, NULL, 0,0,1,0,0,1, NULL, '<html><h3>불고기덮밥</h3>', 0, 0, '', 0);
INSERT INTO products (ID, REFERENCE, CODE, CODETYPE, NAME, PRICEBUY, PRICESELL, CATEGORY, TAXCAT, ATTRIBUTESET_ID, STOCKCOST, STOCKVOLUME, IMAGE, ISCOM, ISSCALE, ISKITCHEN, PRINTKB, SENDSTATUS, ISSERVICE, ATTRIBUTES, DISPLAY, ISVPRICE, ISVERPATRIB, TEXTTIP, WARRANTY) VALUES ('3004', '3004', '3004', NULL, '순두부찌개', 4500, 5454.545454545454, '3000', '001', NULL, NULL, NULL, NULL, 0,0,1,0,0,1, NULL, '<html><h3>순두부찌개</h3>', 0, 0, '', 0);
INSERT INTO products (ID, REFERENCE, CODE, CODETYPE, NAME, PRICEBUY, PRICESELL, CATEGORY, TAXCAT, ATTRIBUTESET_ID, STOCKCOST, STOCKVOLUME, IMAGE, ISCOM, ISSCALE, ISKITCHEN, PRINTKB, SENDSTATUS, ISSERVICE, ATTRIBUTES, DISPLAY, ISVPRICE, ISVERPATRIB, TEXTTIP, WARRANTY) VALUES ('3005', '3005', '3005', NULL, '돌솥비빔밥', 4500, 5454.545454545454, '3000', '001', NULL, NULL, NULL, NULL, 0,0,1,0,0,1, NULL, '<html><h3>돌솥비빔밥</h3>', 0, 0, '', 0);
INSERT INTO products (ID, REFERENCE, CODE, CODETYPE, NAME, PRICEBUY, PRICESELL, CATEGORY, TAXCAT, ATTRIBUTESET_ID, STOCKCOST, STOCKVOLUME, IMAGE, ISCOM, ISSCALE, ISKITCHEN, PRINTKB, SENDSTATUS, ISSERVICE, ATTRIBUTES, DISPLAY, ISVPRICE, ISVERPATRIB, TEXTTIP, WARRANTY) VALUES ('3006', '3006', '3006', NULL, '오므라이스', 4500, 5454.545454545454, '3000', '001', NULL, NULL, NULL, NULL, 0,0,1,0,0,1, NULL, '<html><h3>오므라이스</h3>', 0, 0, '', 0);
INSERT INTO products (ID, REFERENCE, CODE, CODETYPE, NAME, PRICEBUY, PRICESELL, CATEGORY, TAXCAT, ATTRIBUTESET_ID, STOCKCOST, STOCKVOLUME, IMAGE, ISCOM, ISSCALE, ISKITCHEN, PRINTKB, SENDSTATUS, ISSERVICE, ATTRIBUTES, DISPLAY, ISVPRICE, ISVERPATRIB, TEXTTIP, WARRANTY) VALUES ('3007', '3007', '3007', NULL, '육개장', 4500, 5454.545454545454, '3000', '001', NULL, NULL, NULL, NULL, 0,0,1,0,0,1, NULL, '<html><h3>육개장</h3>', 0, 0, '', 0);
INSERT INTO products (ID, REFERENCE, CODE, CODETYPE, NAME, PRICEBUY, PRICESELL, CATEGORY, TAXCAT, ATTRIBUTESET_ID, STOCKCOST, STOCKVOLUME, IMAGE, ISCOM, ISSCALE, ISKITCHEN, PRINTKB, SENDSTATUS, ISSERVICE, ATTRIBUTES, DISPLAY, ISVPRICE, ISVERPATRIB, TEXTTIP, WARRANTY) VALUES ('4001', '4001', '4001', NULL, '공기밥', 500, 909.090909090909, '4000', '001', NULL, NULL, NULL, NULL, 1,0,1,0,0,1, NULL, '<html><h3>공기밥</h3>', 0, 0, '', 0);
INSERT INTO products (ID, REFERENCE, CODE, CODETYPE, NAME, PRICEBUY, PRICESELL, CATEGORY, TAXCAT, ATTRIBUTESET_ID, STOCKCOST, STOCKVOLUME, IMAGE, ISCOM, ISSCALE, ISKITCHEN, PRINTKB, SENDSTATUS, ISSERVICE, ATTRIBUTES, DISPLAY, ISVPRICE, ISVERPATRIB, TEXTTIP, WARRANTY) VALUES ('4002', '4002', '4002', NULL, '라면사리', 500, 909.090909090909, '4000', '001', NULL, NULL, NULL, NULL, 1,0,1,0,0,1, NULL, '<html><h3>라면사리</h3>', 0, 0, '', 0);

INSERT INTO products_cat (PRODUCT, CATORDER) VALUES  ('1001', NULL);
INSERT INTO products_cat (PRODUCT, CATORDER) VALUES  ('1002', NULL);
INSERT INTO products_cat (PRODUCT, CATORDER) VALUES  ('1003', NULL);
INSERT INTO products_cat (PRODUCT, CATORDER) VALUES  ('1004', NULL);
INSERT INTO products_cat (PRODUCT, CATORDER) VALUES  ('2001', NULL);
INSERT INTO products_cat (PRODUCT, CATORDER) VALUES  ('2002', NULL);
INSERT INTO products_cat (PRODUCT, CATORDER) VALUES  ('2003', NULL);
INSERT INTO products_cat (PRODUCT, CATORDER) VALUES  ('2004', NULL);
INSERT INTO products_cat (PRODUCT, CATORDER) VALUES  ('2005', NULL);
INSERT INTO products_cat (PRODUCT, CATORDER) VALUES  ('2006', NULL);
INSERT INTO products_cat (PRODUCT, CATORDER) VALUES  ('2007', NULL);
INSERT INTO products_cat (PRODUCT, CATORDER) VALUES  ('2008', NULL);
INSERT INTO products_cat (PRODUCT, CATORDER) VALUES  ('3001', NULL);
INSERT INTO products_cat (PRODUCT, CATORDER) VALUES  ('3002', NULL);
INSERT INTO products_cat (PRODUCT, CATORDER) VALUES  ('3003', NULL);
INSERT INTO products_cat (PRODUCT, CATORDER) VALUES  ('3004', NULL);
INSERT INTO products_cat (PRODUCT, CATORDER) VALUES  ('3005', NULL);
INSERT INTO products_cat (PRODUCT, CATORDER) VALUES  ('3006', NULL);
INSERT INTO products_cat (PRODUCT, CATORDER) VALUES  ('3007', NULL);
INSERT INTO products_cat (PRODUCT, CATORDER) VALUES  ('4001', NULL);
INSERT INTO products_cat (PRODUCT, CATORDER) VALUES  ('4002', NULL);    
